FromDate,ToDate
1-Jan-18,31-Apr-18
1-Feb-18,3-Mar-18
4-Mar-18,3-Apr-18
4-Apr-18,4-May-18
5-May-18,4-Jun-18
5-Jun-18,5-Jul-18
6-Jul-18,5-Aug-18
6-Aug-18,5-Sep-18
6-Sep-18,6-Oct-18
7-Oct-18,6-Nov-18
7-Nov-18,7-Dec-18
8-Dec-18,7-Jan-19
8-Jan-19,7-Feb-19
8-Feb-19,10-Mar-19
11-Mar-19,10-Apr-19
11-Apr-19,11-May-19
12-May-19,11-Jun-19
12-Jun-19,12-Jul-19
13-Jul-19,12-Aug-19
13-Aug-19,12-Sep-19
13-Sep-19,13-Oct-19
14-Oct-19,13-Nov-19
14-Nov-19,14-Dec-19
15-Dec-19,14-Jan-20
15-Jan-20,14-Feb-20
15-Feb-20,16-Mar-20
17-Mar-20,16-Apr-20
17-Apr-20,17-May-20
18-May-20,17-Jun-20
18-Jun-20,18-Jul-20
19-Jul-20,18-Aug-20
19-Aug-20,18-Sep-20
19-Sep-20,19-Oct-20
20-Oct-20,19-Nov-20
20-Nov-20,20-Dec-20
21-Dec-20,20-Jan-21
21-Jan-21,20-Feb-21
21-Feb-21,23-Mar-21
24-Mar-21,23-Apr-21
24-Apr-21,24-May-21
25-May-21,24-Jun-21
25-Jun-21,25-Jul-21
26-Jul-21,25-Aug-21
26-Aug-21,25-Sep-21
26-Sep-21,26-Oct-21
27-Oct-21,26-Nov-21
27-Nov-21,27-Dec-21
28-Dec-21,27-Jan-22
28-Jan-22,27-Feb-22
28-Feb-22,30-Mar-22
31-Mar-22,30-Apr-22
1-May-22,31-May-22
1-Jun-22,1-Jul-22
2-Jul-22,1-Aug-22
2-Aug-22,1-Sep-22
2-Sep-22,2-Oct-22
3-Oct-22,2-Nov-22
3-Nov-22,3-Dec-22
4-Dec-22,3-Jan-23
4-Jan-23,3-Feb-23
4-Feb-23,6-Mar-23
7-Mar-23,6-Apr-23
7-Apr-23,7-May-23
8-May-23,7-Jun-23
8-Jun-23,8-Jul-23
9-Jul-23,8-Aug-23
9-Aug-23,8-Sep-23
9-Sep-23,9-Oct-23
10-Oct-23,9-Nov-23
10-Nov-23,10-Dec-23
11-Dec-23,10-Jan-24
11-Jan-24,10-Feb-24
11-Feb-24,12-Mar-24
13-Mar-24,12-Apr-24
13-Apr-24,13-May-24
14-May-24,13-Jun-24
14-Jun-24,14-Jul-24
15-Jul-24,14-Aug-24
15-Aug-24,14-Sep-24
15-Sep-24,15-Oct-24
16-Oct-24,15-Nov-24
16-Nov-24,16-Dec-24
17-Dec-24,16-Jan-25
17-Jan-25,16-Feb-25
17-Feb-25,19-Mar-25
20-Mar-25,19-Apr-25
20-Apr-25,20-May-25
21-May-25,20-Jun-25
21-Jun-25,21-Jul-25
22-Jul-25,21-Aug-25
22-Aug-25,21-Sep-25
22-Sep-25,9-Oct-25
